{"AEE":0.25059738960253974,"AEP":0.2511741885204313,"GAS":0.25213888412322727,"AES":0.25222325658919054,"AAP":0.25268489213559786,"ALLE":0.25292555807122863,"AXP":0.2536905860657349,"AET":0.2538137088230964,"ATVI":0.2548647944749499,"MO":0.25640257567934,"AGN":0.2613374025444435,"AMGN":0.2622550924019136,"ADS":0.2640894295048717,"ALXN":0.2641630345794662,"ABBV":0.264440000524634,"ADBE":0.2665557249437447,"AMP":0.27004907966539704,"AFL":0.2703653965130115,"ALL":0.2704503183596234,"AME":0.27101831093056017,"AMG":0.27399533013167754,"ABC":0.27469756735577844,"APD":0.27536136264314004,"AMZN":0.277727205705955,"MMM":0.28171511784778336,"AA":0.2840500376420242,"ARG":0.28959697559744724,"AIG":0.29300533428664666,"AKAM":0.2952110632398669,"AAL":0.29637007398833926,"ADT":0.2967340693176449,"ABT":0.3090130259867,"A":0.30923744515850704,"AMT":0.3102017182857938,"ACN":0.31863869907734044,"APH":0.4244255246323978,"GOOG":0.42855039891189395}